first_name,last_name,email,password
Patrick,Spinnace,pspinnace0@nsw.gov.au,xGH4RNx
Verla,Petersen,vpetersen1@edublogs.org,MmUqfKP
Alicea,Hobbema,ahobbema2@unicef.org,XJdE7LZOX
Roma,Mapstone,rmapstone3@sfgate.com,dGJcssg
Karol,Stucke,kstucke4@vk.com,KVvwbbIw
Alick,Isles,aisles5@paypal.com,jkM06BbF
Brandtr,Kenwell,bkenwell6@xinhuanet.com,CVM80lQ5bT
Sabine,Ewer,sewer7@sakura.ne.jp,E2AJ3ez
Maude,Harmeston,mharmeston8@ezinearticles.com,AXbzA7XSEHme
Hillel,Gogin,hgogin9@bravesites.com,uHHIXsLN3
Mohandis,Drydale,mdrydalea@patch.com,4JZu5p
Lil,Caff,lcaffb@squarespace.com,E7TrlxXAF
Robinette,Chamberlayne,rchamberlaynec@amazon.de,q7GbIV
Stinky,Very,sveryd@google.ru,Rk9dTFhwexC
Tressa,Dubique,tdubiquee@istockphoto.com,AldNOfvESMw0
Bernie,Dubarry,bdubarryf@gravatar.com,eq8uwMUHNFb
Orville,Dauber,odauberg@squarespace.com,AlOUbm
Oran,Freckelton,ofreckeltonh@furl.net,B6V9RkbZG9e
Kelsy,Hilliam,khilliami@icio.us,vbLu7gnonq
Theresita,Penelli,tpenellij@amazon.com,WyJ23YdVC
Reeva,Vivien,rvivienk@nih.gov,vo99OOsdkvxo
Roxine,Lathe,rlathel@cbsnews.com,g0bob6HlYpUK
Ernst,Spiby,espibym@google.com,5uwJSGP
Bowie,Willerton,bwillertonn@acquirethisname.com,vifJmR
Tasha,Hapke,thapkeo@booking.com,9AQLKTLAR
Blair,Filchagin,bfilchaginp@alexa.com,eIkpHN
Roda,Costigan,rcostiganq@360.cn,cCnXOpP
Twila,Mc Combe,tmccomber@freewebs.com,gXgR6BFfz
Maressa,Lancaster,mlancasters@nifty.com,JmWbX3
Domini,Pietzke,dpietzket@cargocollective.com,9ik8Hxf7n
Arlana,Weatherhead,aweatherheadu@nsw.gov.au,t48Y6775k
Christean,Grastye,cgrastyev@ezinearticles.com,dzoIoUeV
Siegfried,Chawkley,schawkleyw@wsj.com,2nQy509
Loralyn,Fibbens,lfibbensx@vinaora.com,Y1eTZ6noyYQ
Uriel,Janusik,ujanusiky@delicious.com,xgxBa3Dk
Kennie,Skaife,kskaifez@webnode.com,QlSPuMu
Dill,Oakshott,doakshott10@google.co.jp,HSJBrG
Jens,Dibdin,jdibdin11@stanford.edu,ktwNue
Margaux,Witherop,mwitherop12@va.gov,5mCGPWc
Felicia,Claybourn,fclaybourn13@chicagotribune.com,2o02NoFvSY
Tobit,Josland,tjosland14@marketwatch.com,p9nQfiAzIH
Dacey,Kynd,dkynd15@washington.edu,RH8ILcKqzz
Berty,Willgress,bwillgress16@time.com,nLA9tMNMNJB
Pamella,Hucks,phucks17@eepurl.com,lkHQ97Nql6s
Vassili,Doody,vdoody18@whitehouse.gov,tc5I3e
Tull,Shepherdson,tshepherdson19@china.com.cn,778sOGDVo5H
Noelle,Langdale,nlangdale1a@va.gov,GHjXjHl
Judi,Fayne,jfayne1b@yahoo.com,ZqqxD5rWu
Kipp,Qualtro,kqualtro1c@mashable.com,tZcmhAPP
Yorker,Freckleton,yfreckleton1d@ft.com,Af7D6EC2M
Baxie,Bennet,bbennet1e@hp.com,pbnziq
Lian,Cuxon,lcuxon1f@prlog.org,9dlobYg
Tobye,MacGaughie,tmacgaughie1g@dmoz.org,2OTbHwW
Deva,Glascott,dglascott1h@usda.gov,dO1WYI
Jerrie,Ropp,jropp1i@state.tx.us,MteQT7XF
Demott,Burchess,dburchess1j@earthlink.net,3QvjfLjt30S
Nye,Vizor,nvizor1k@dell.com,Ltq4KzIy7bQl
Deidre,Zorzutti,dzorzutti1l@yahoo.co.jp,F3mnmS
Christabella,Mapp,cmapp1m@instagram.com,WHb4OGepjs
Irene,Crysell,icrysell1n@bbb.org,8DVDYOF8T
Ruy,Meeus,rmeeus1o@state.gov,hDxKDVGIjP
Joannes,Duxbury,jduxbury1p@dion.ne.jp,ZPKMa8F
Dacey,Kinchington,dkinchington1q@ted.com,l6vsrOFhs9
Jerrine,Tees,jtees1r@paypal.com,6SF5Wkv
Syman,Lovelace,slovelace1s@msn.com,eT63NbzZnyk
Gayleen,Drioli,gdrioli1t@shareasale.com,07w7T1Wqig6
Cahra,Skelcher,cskelcher1u@amazon.de,wwMxZovD
Susy,Liffe,sliffe1v@zdnet.com,oSFhtXh
Lonnie,Diehn,ldiehn1w@reddit.com,Tk5CALHlM
Chucho,Amiss,camiss1x@nhs.uk,VykZHaqON
Moe,Threlfall,mthrelfall1y@mashable.com,EtRpY2bkQma
Raffaello,Connerry,rconnerry1z@addthis.com,iYvPWbIhhF
Reed,Antosch,rantosch20@harvard.edu,p3LKvYBTa
Marcel,Selburn,mselburn21@slate.com,UrKwXSq0ej
Chiarra,Dusting,cdusting22@vinaora.com,t42JDK2HgDwl
Philippa,Severn,psevern23@tmall.com,PUrWmhob
Claudine,Gouny,cgouny24@chicagotribune.com,ePm78AOxR
Martynne,Clemon,mclemon25@timesonline.co.uk,8RUxa6C84
Sharity,Speak,sspeak26@odnoklassniki.ru,2JwNR0Gmk
Janette,McDool,jmcdool27@constantcontact.com,nTfLJ6C7
Nerta,Grebbin,ngrebbin28@miitbeian.gov.cn,fA93W2
Brigit,Petch,bpetch29@amazon.com,N2IvKb2dMd
Waring,McIlory,wmcilory2a@google.pl,VX88nU9
Selby,Jerrolt,sjerrolt2b@psu.edu,tsJ9aaWI6qf
Nilson,Cadwell,ncadwell2c@ycombinator.com,u1Wkcyu4VbLM
Marnie,Emmanueli,memmanueli2d@wsj.com,VnO1bBm6W
Dinah,Balderston,dbalderston2e@rediff.com,L7FiQJ
Pandora,Maccari,pmaccari2f@vk.com,zKanfSP6KA
Natale,Trustram,ntrustram2g@nationalgeographic.com,fl3vqIg
Zondra,Bowyer,zbowyer2h@acquirethisname.com,JlOjZO6L
Keane,Macewan,kmacewan2i@howstuffworks.com,7TYnU7REi
Faina,Maric,fmaric2j@hp.com,81OOXgzwYZL
Kalindi,Scholz,kscholz2k@globo.com,vVIs97
Cymbre,Lamas,clamas2l@creativecommons.org,PPk4Pe4o
Benji,Ridoutt,bridoutt2m@cnbc.com,Y8eeB3zU
Roddie,Fitzhenry,rfitzhenry2n@google.es,c0vflsjCVuI
Floria,Oakshott,foakshott2o@dropbox.com,gYDJEwV
Babb,Witchell,bwitchell2p@sourceforge.net,sPJwDTp
Eulalie,Fyrth,efyrth2q@earthlink.net,aKqlAWu0PlSd
Reinhard,Tritton,rtritton2r@t-online.de,91mCR4Rnn0W
